id,Name,titleProject_id,class,score,login,password
0,Сербин Геннадий Михаилович,7,8в,2,Сербин_ГМ,sgZroR5S
1,Папандина Клавдия Яковлевна,304,9в,5,Папандина_КЯ,V5o86Imp
2,Белагина Галина Андреевна,396,9а,4,Белагина_ГА,OHjDsEks
3,Кижняева Анна Леонидовна,178,7и,2,Кижняева_АЛ,mPqFJMOq
4,Цывин Олег Яковлевич,446,7т,2,Цывин_ОЯ,8Rlh7lfx
5,Жидняева Ксения Эдуардовна,373,7х,4,Жидняева_КЭ,tkk3GKcN
6,Липковский Анатолий Иванович,144,10а,2,Липковский_АИ,aetsKzsn
7,Меднова Наталья Богдановна,290,7и,5,Меднова_НБ,0rXyLPgq
8,Житихин Вячеслав Романович,141,9а,5,Житихин_ВР,rRcELUxN
9,Шеврина Полина Максимовна,33,11а,5,Шеврина_ПМ,KBpEW88C
10,Алпеев Валентин Данилович,323,8а,2,Алпеев_ВД,ZhoBYqNw
11,Золикова Клара Игоревна,364,10х,2,Золикова_КИ,RpJa9D0X
12,Дориков Дмитрий Петрович,296,10г,5,Дориков_ДП,pp9XsRZk
13,Корабышев Кирилл Михаилович,302,8и,5,Корабышев_КМ,JVNjim3j
14,Ростовиков Константин Николаевич,336,10а,2,Ростовиков_КН,zKfjeq5L
15,Нехаев Дмитрий Фёдорович,129,7х,4,Нехаев_ДФ,e99pQhXK
16,Зызлова Мария Николаевна,430,8г,3,Зызлова_МН,whyFvYw8
17,Королупов Валерий Тимофеевич,397,10д,5,Королупов_ВТ,ElQOzOeJ
18,Стенцов Евгений Яковлевич,315,8и,4,Стенцов_ЕЯ,FvQbAqDW
19,Феклисов Константин Виталиевич,270,9т,None,Феклисов_КВ,4aV0RaIe
20,Синелев Руслан Тимофеевич,300,8и,2,Синелев_РТ,uhpCTPih
21,Опевалова Вера Евгеньевна,473,9д,5,Опевалова_ВЕ,S3VRSWFw
22,Назерова Вероника Василевна,206,7б,5,Назерова_ВВ,dFV9WZ9C
23,Дименская Светлана Дмитриевна,387,9д,5,Дименская_СД,P8R7pskT
24,Ковторева Раиса Василевна,482,9и,2,Ковторева_РВ,RH4LmTKa
25,Кулишнин Вячеслав Яковлевич,386,11х,5,Кулишнин_ВЯ,TmWjMfE8
26,Лексин Кирилл Антонович,139,7в,5,Лексин_КА,6U7jYpM9
27,Лаковский Григорий Василиевич,240,7д,5,Лаковский_ГВ,r9cNyvO9
28,Барамыкова Александра Алексеевна,106,10а,3,Барамыкова_АА,IYPhgZ9p
29,Плясулина Оксана Андреевна,346,8х,2,Плясулина_ОА,RqlwwUdK
30,Петрикеев Станислав Яковлевич,14,7и,4,Петрикеев_СЯ,fd2Wx3mo
31,Моторыгин Илья Георгиевич,238,10и,5,Моторыгин_ИГ,tN76Bb1l
32,Рыков Тарас Павлович,174,10и,5,Рыков_ТП,hw9VgYhW
33,Иончикова Елизавета Егоровна,169,8д,5,Иончикова_ЕЕ,kCfDkcFu
34,Смолькина Алиса Егоровна,441,7г,5,Смолькина_АЕ,SozZAuTn
35,Оболенин Герасим Павлович,472,7и,4,Оболенин_ГП,8agzyQeA
36,Трощинский Георгий Борисович,67,9д,3,Трощинский_ГБ,rToPTbDt
37,Поддубская Лиза Игоревна,496,10а,4,Поддубская_ЛИ,rzy7XLC3
38,Телькова Валерия Олеговна,335,7х,4,Телькова_ВО,OZM5ZUhb
39,Чигварина Александра Алексеевна,428,10б,2,Чигварина_АА,yjHRTwER
40,Киреевский Артур Игоревич,119,7в,3,Киреевский_АИ,hFVCNWZK
41,Шумейкин Роман Павлович,420,8в,5,Шумейкин_РП,D82d4tpD
42,Трушинов Максим Алексиевич,82,8и,4,Трушинов_МА,z07U2aZK
43,Голюков Денис Сергеевич,62,11б,4,Голюков_ДС,cWiyFD7p
44,Хлиманкова Надежда Валерьевна,461,10б,3,Хлиманкова_НВ,2bKbhp1v
45,Кулаженков Алексей Олегович,367,10в,2,Кулаженков_АО,7UhabATg
46,Бутукин Владимир Адамович,221,7х,5,Бутукин_ВА,FEW1EQKf
47,Поддуев Леонид Олегович,149,9х,4,Поддуев_ЛО,MVzjUfq0
48,Ревцев Василий Павлович,360,9х,5,Ревцев_ВП,lmSY9jBp
49,Старокожев Артём Юрьевич,46,8д,3,Старокожев_АЮ,ehjdiHcV
50,Светошев Максим Михаилович,321,10х,2,Светошев_ММ,mcAKM4Ao
51,Старынина Кристина Федоровна,266,9д,3,Старынина_КФ,sPKcQeZs
52,Востров Дмитрий Денисович,282,9г,3,Востров_ДД,OFTQcvxf
53,Бураханова Анастасия Леонидовна,16,8г,2,Бураханова_АЛ,eyvBR4hP
54,Понизов Виктор Кириллович,214,11и,5,Понизов_ВК,8N0UPyK3
55,Суздалев Валерий Алексеевич,66,11т,5,Суздалев_ВА,WOX5ghNq
56,Колендин Дмитрий Алексеевич,153,10в,4,Колендин_ДА,MEb2XudN
57,Сулькова Екатерина Андреевна,325,8и,4,Сулькова_ЕА,C923KyOs
58,Аржевитова Надежда Федоровна,242,10в,2,Аржевитова_НФ,CNumdAj1
59,Крассов Валерий Олегович,201,8х,5,Крассов_ВО,plnEJIwS
60,Сонураева Инна Андреевна,450,9т,3,Сонураева_ИА,wxkYcXrm
61,Пашин Роман Вадимович,204,10д,2,Пашин_РВ,TiiRkQA4
62,Фичкина Евгения Федоровна,29,11д,3,Фичкина_ЕФ,iCsbWl1X
63,Свилин Олег Виталиевич,123,8в,2,Свилин_ОВ,CMTMs8Dp
64,Рогоцкий Андрей Адамович,142,9в,2,Рогоцкий_АА,VkTNTZXq
65,Ахантьев Игорь Валериевич,80,10д,5,Ахантьев_ИВ,L0kCdMkT
66,Сочиникова Ксения Кирилловна,100,10д,2,Сочиникова_КК,wIM1u1zD
67,Остюков Артур Романович,329,11и,3,Остюков_АР,YiG9NQrx
68,Брюкина Оксана Викторовна,98,8в,5,Брюкина_ОВ,hEMV8Ybd
69,Кузовенков Игорь Юрьевич,322,9г,None,Кузовенков_ИЮ,0s3ldAv9
70,Калухов Тарас Иванович,207,11а,3,Калухов_ТИ,FnZ98WFz
71,Батыров Пётр Виталиевич,227,7и,3,Батыров_ПВ,Y0VGyX6j
72,Озрина Катерина Валерьевна,147,10а,4,Озрина_КВ,xAeRAXsl
73,Декалова Полина Леонидовна,470,11д,5,Декалова_ПЛ,CuOzOaQ4
74,Лосицкий Владимир Кириллович,369,9т,5,Лосицкий_ВК,zCInxAqp
75,Магнусов Пётр Максимович,437,7и,5,Магнусов_ПМ,BXSZXUYL
76,Лавренков Михаил Василиевич,188,9б,2,Лавренков_МВ,eOa7K7b2
77,Шушкалова Вероника Алексеевна,411,8т,5,Шушкалова_ВА,dUkLN2Ax
78,Бороданова Маргарита Дмитриевна,118,7г,5,Бороданова_МД,IcCvLj9J
79,Циркина Виолетта Федоровна,231,9г,2,Циркина_ВФ,ndAPrTtK
80,Болохина Екатерина Андреевна,194,11д,3,Болохина_ЕА,gsZ4lOIT
81,Чукалова Дарья Валерьевна,20,10г,4,Чукалова_ДВ,enVnrejB
82,Беловолов Степан Петрович,222,9д,2,Беловолов_СП,aGgnXFj2
83,Зудейкина Вероника Ивановна,166,8и,3,Зудейкина_ВИ,pFsrXwhL
84,Макунова Мария Борисовна,47,9в,5,Макунова_МБ,0erB4cs6
85,Верзанский Геннадий Андреевич,497,7д,5,Верзанский_ГА,8NvhH617
86,Алтубин Ярослав Леонидович,414,10г,5,Алтубин_ЯЛ,91GnHY35
87,Аузин Игорь Алексиевич,435,8х,5,Аузин_ИА,1AGzggCg
88,Калыгин Степан Тимофеевич,353,8и,2,Калыгин_СТ,bqii756z
89,Дурныгина Полина Игоревна,72,8и,2,Дурныгина_ПИ,iiTWxyHY
90,Антюфеева Александра Вадимовна,347,8и,2,Антюфеева_АВ,Bs7cMwuo
91,Лощинский Борис Романович,210,10б,3,Лощинский_БР,Z3APlyN6
92,Ходорков Евгений Виталиевич,344,9г,5,Ходорков_ЕВ,puqPvDsc
93,Кафорин Федор Данилович,427,10д,3,Кафорин_ФД,MExeXuTC
94,Косынская Алиса Дмитриевна,40,9в,3,Косынская_АД,EFNa5KTv
95,Беремцев Артём Антонович,434,11т,2,Беремцев_АА,pDBwIF5U
96,Влянская Мария Андреевна,490,7т,4,Влянская_МА,IrvK0wAK
97,Мыгеева Лиза Василевна,280,8в,5,Мыгеева_ЛВ,pCEmiGvT
98,Акутникова Мария Алексеевна,173,11в,2,Акутникова_МА,WCvjWvPc
99,Карябкин Константин Максимович,89,7и,2,Карябкин_КМ,9ORZ0npw
100,Прилепина Яна Максимовна,30,10в,5,Прилепина_ЯМ,5Q5kuvkF
101,Ведищев Никита Георгиевич,365,7и,5,Ведищев_НГ,S7pCT8Fc
102,Самчева Вероника Борисовна,287,10г,3,Самчева_ВБ,Gify5mg5
103,Пирцхалова Карина Леонидовна,452,10г,5,Пирцхалова_КЛ,9kUlkMkU
104,Павлочев Денис Борисович,432,11д,5,Павлочев_ДБ,1cRfZGim
105,Арашкова Екатерина Евгеньевна,356,8х,None,Арашкова_ЕЕ,CZpWnrMh
106,Байсарова Людмила Василевна,215,11и,2,Байсарова_ЛВ,YMQGX4Dm
107,Кудекина Зинаида Игоревна,250,10и,3,Кудекина_ЗИ,cFGnlFIb
108,Дерналов Виталий Викторович,1,9г,4,Дерналов_ВВ,y5IMqQQi
109,Сазинова Галина Романовна,61,9и,3,Сазинова_ГР,JIyKpOK1
110,Остаченова Марина Эдуардовна,229,9т,5,Остаченова_МЭ,Fvr190Ey
111,Битюкова Яна Егоровна,488,9и,4,Битюкова_ЯЕ,QFOocfB1
112,Иваницкий Константин Борисович,232,8д,5,Иваницкий_КБ,49FKrnnE
113,Белянский Владислав Игоревич,74,11б,5,Белянский_ВИ,tu38mS5F
114,Баранкин Артём Алексеевич,382,9т,2,Баранкин_АА,WH4XlHEn
115,Шкабанова Софья Вадимовна,499,9х,4,Шкабанова_СВ,Rz8zAxQW
116,Полозлов Денис Адамович,155,8т,3,Полозлов_ДА,wMHtTI6f
117,Жунина Светлана Михайловна,162,8в,3,Жунина_СМ,UbWaGBrI
118,Пантыкин Борис Игоревич,245,9х,2,Пантыкин_БИ,W28UMDkD
119,Доутова Марина Богдановна,189,11х,2,Доутова_МБ,1sGM4RlI
120,Трещалова Яна Андреевна,330,8б,3,Трещалова_ЯА,QnMAFxJw
121,Ивашечкин Александр Данилович,390,10т,4,Ивашечкин_АД,ha3xou7I
122,Мазьянова Инна Богдановна,416,11в,4,Мазьянова_ИБ,FOFP0oJJ
123,Корогев Николай Евгеньевич,184,8б,5,Корогев_НЕ,TNqQ4bfB
124,Заидова Галина Максимовна,88,9т,4,Заидова_ГМ,yk7ESUon
125,Рамхин Кирилл Алексиевич,459,9х,4,Рамхин_КА,Lrmulv86
126,Кизбабаев Эдуард Фёдорович,415,11т,2,Кизбабаев_ЭФ,nicjM5Lh
127,Соурчаков Ярослав Валериевич,268,8б,2,Соурчаков_ЯВ,FiyuIxsJ
128,Мотяшева Алена Михайловна,404,7т,2,Мотяшева_АМ,N3XzYbev
129,Горшкова Наталия Яковлевна,340,11а,2,Горшкова_НЯ,moosBYo5
130,Зябрицкий Игорь Виталиевич,332,7а,5,Зябрицкий_ИВ,JDaaoupU
131,Шельдяев Игорь Юриевич,97,7д,5,Шельдяев_ИЮ,35kZFtBj
132,Шмелькин Максим Викторович,483,9т,5,Шмелькин_МВ,pK7I2Yfg
133,Жалкин Алексей Алексеевич,43,7а,3,Жалкин_АА,93QR96Zn
134,Худасов Денис Максимович,70,10д,2,Худасов_ДМ,oQHZuQns
135,Швичкова Наталья Эдуардовна,398,7г,4,Швичкова_НЭ,Dxk7NwsU
136,Едская Жанна Валерьевна,436,11в,4,Едская_ЖВ,KRNa56Sc
137,Поморзина Полина Евгеньевна,122,7д,4,Поморзина_ПЕ,PlXOF2gZ
138,Будачева Кира Олеговна,55,11х,4,Будачева_КО,T4Qb9wi6
139,Молкаев Василий Валериевич,216,8д,2,Молкаев_ВВ,lCmC0JMC
140,Яцынин Константин Тимофеевич,285,7г,2,Яцынин_КТ,8dI9E7oh
141,Маховиков Василий Петрович,391,7х,4,Маховиков_ВП,MIPmAwPc
142,Шаметова Евгения Вадимовна,463,7а,2,Шаметова_ЕВ,KxvCcu8f
143,Законнова Жанна Евгеньевна,442,11и,None,Законнова_ЖЕ,vplELVCA
144,Перчихин Аркадий Тимофеевич,164,10т,3,Перчихин_АТ,Pp3dr930
145,Бурдасова Ксения Игоревна,203,9а,3,Бурдасова_КИ,4wbpvAEt
146,Киссин Степан Иванович,251,7х,5,Киссин_СИ,vurrDbID
147,Вапилина Мария Егоровна,77,7д,2,Вапилина_МЕ,HSrFj7GC
148,Сигутина Дарья Федоровна,458,7б,2,Сигутина_ДФ,4pb3Xzmj
149,Сошьяков Альберт Фёдорович,17,7т,4,Сошьяков_АФ,3gfoiDLH
150,Лугахина Клара Вадимовна,419,8в,4,Лугахина_КВ,CvY33yGv
151,Логецкий Анатолий Виталиевич,372,11б,4,Логецкий_АВ,ycZLvPRm
152,Ковайкова Юлия Егоровна,75,10г,2,Ковайкова_ЮЕ,Z9GobfWE
153,Вермутский Валерий Петрович,447,9и,5,Вермутский_ВП,6VrpeZgW
154,Россомахов Олег Юриевич,56,8в,2,Россомахов_ОЮ,wXeuN2XI
155,Циплакова Екатерина Егоровна,471,9б,5,Циплакова_ЕЕ,OvCvVvTj
156,Квятцева Алла Никитична,138,11в,2,Квятцева_АН,KhE04xhI
157,Выхухолева Лариса Василевна,384,8б,5,Выхухолева_ЛВ,MQQWIXZD
158,Целохов Андрей Вадимович,433,8и,5,Целохов_АВ,d4rCVFlB
159,Бендин Иван Яковлевич,71,8и,4,Бендин_ИЯ,74MLlby3
160,Лазученков Василий Алексеевич,381,7х,2,Лазученков_ВА,bNyoBnT0
161,Скоропухов Михаил Василиевич,69,10и,3,Скоропухов_МВ,f2LdnMDw
162,Мухонкин Тарас Романович,126,9и,4,Мухонкин_ТР,LZG0kRYG
163,Камерцев Владимир Кириллович,303,7а,3,Камерцев_ВК,KaCiSCQf
164,Сандрыкина Анна Олеговна,324,10т,2,Сандрыкина_АО,RS7PLmDL
165,Недбайлов Алексей Денисович,15,7т,2,Недбайлов_АД,8UL3TZEJ
166,Серпков Ярослав Георгиевич,380,10б,4,Серпков_ЯГ,ZXvAPcQn
167,Хатшуклов Аркадий Николаевич,42,11т,4,Хатшуклов_АН,xGbTNK3c
168,Литвалиева Алиса Егоровна,10,11и,3,Литвалиева_АЕ,gCDTmFoP
169,Енесина Лиза Валерьевна,293,9б,5,Енесина_ЛВ,v1Lo5Mlr
170,Пикальков Эдуард Алексиевич,21,8д,5,Пикальков_ЭА,qHiZvcqW
171,Сачинский Валентин Кириллович,125,10т,2,Сачинский_ВК,3FPocgNu
172,Тарзанова Евгения Аркадьевна,96,9д,2,Тарзанова_ЕА,TpnepMNH
173,Лапундин Юрий Игоревич,267,8и,5,Лапундин_ЮИ,AxG39EYQ
174,Личева Лиза Михайловна,453,9б,3,Личева_ЛМ,s3FvpWWt
175,Смароверов Яков Борисович,131,11в,4,Смароверов_ЯБ,dwkENh2x
176,Вереина Алла Василевна,295,10и,3,Вереина_АВ,s9lnekAZ
177,Погиблева Дарья Леонидовна,283,9в,5,Погиблева_ДЛ,DD2AhC3y
178,Байнова Анастасия Вадимовна,363,7б,3,Байнова_АВ,KhDlPSSc
179,Шиловский Вячеслав Максимович,438,9и,4,Шиловский_ВМ,ohmKHLUc
180,Сыждиков Пётр Василиевич,494,11х,5,Сыждиков_ПВ,anDsyhoj
181,Каценова Алёна Эдуардовна,165,11т,2,Каценова_АЭ,0CKxFWai
182,Мужицких Ева Олеговна,348,8х,3,Мужицких_ЕО,93jvjOrr
183,Плеснецов Степан Юрьевич,22,10а,2,Плеснецов_СЮ,LNAc1dQu
184,Игумнова Алёна Сергеевна,114,9д,4,Игумнова_АС,lonUxtgu
185,Хадаров Владимир Валериевич,278,11т,5,Хадаров_ВВ,UjJEblHs
186,Ступакова Кира Ивановна,421,8и,3,Ступакова_КИ,PQWij2fZ
187,Шоленинов Федор Максимович,286,11т,4,Шоленинов_ФМ,5uCODi84
188,Гундаров Руслан Николаевич,158,9д,4,Гундаров_РН,c7zvnLXY
189,Гречишева Марина Андреевна,464,7д,2,Гречишева_МА,jK3oTpBQ
190,Утилова Алена Андреевна,253,11д,3,Утилова_АА,48DagTgl
191,Роткичева Алиса Максимовна,410,10а,4,Роткичева_АМ,XhJfFkHQ
192,Колтышева Марина Вадимовна,87,11г,4,Колтышева_МВ,eFAHOrsG
193,Гурычева Лариса Валерьевна,489,9б,2,Гурычева_ЛВ,cCG8HARM
194,Горцева Кристина Никитична,246,8и,4,Горцева_КН,s8UTnLfR
195,Кутурин Геннадий Денисович,197,9в,2,Кутурин_ГД,UuMJSTOx
196,Стефанков Яков Евгеньевич,318,10г,3,Стефанков_ЯЕ,byqGk1mj
197,Множина Людмила Василевна,90,8б,2,Множина_ЛВ,NzBXy9DQ
198,Семисалов Георгий Иванович,316,9в,3,Семисалов_ГИ,tSzqa0Ds
199,Рогалов Альберт Валериевич,327,9б,2,Рогалов_АВ,5U0c2UzU
200,Черетаева Анастасия Олеговна,341,9б,2,Черетаева_АО,tLSR1cl2
201,Радоминова Любовь Игоревна,25,9и,5,Радоминова_ЛИ,MXV1DtiY
202,Шувырина Лиза Андреевна,395,9а,5,Шувырина_ЛА,2tYiLy8P
203,Калиженков Семён Алексеевич,401,11а,4,Калиженков_СА,pB2nfd7P
204,Старокашин Константин Петрович,309,10а,3,Старокашин_КП,q6vbcCzs
205,Малтоцов Аркадий Яковлевич,218,8а,3,Малтоцов_АЯ,iPHGpA0L
206,Кузеванова Ева Егоровна,116,7д,2,Кузеванова_ЕЕ,jqf9kktm
207,Нурулина Алёна Егоровна,284,9х,2,Нурулина_АЕ,hRhzoxVx
208,Лератов Герасим Сергеевич,374,10а,4,Лератов_ГС,HvQnkLRy
209,Людин Руслан Аркадиевич,498,7и,3,Людин_РА,OlZbcywj
210,Пурин Виктор Данилович,154,8и,5,Пурин_ВД,uofK35hp
211,Лютов Виктор Юрьевич,288,11г,2,Лютов_ВЮ,Dqgd0dPw
212,Марюшкина Яна Федоровна,345,10д,5,Марюшкина_ЯФ,jh8yaXC8
213,Томилова Кристина Михайловна,492,11б,3,Томилова_КМ,zAmcTCkc
214,Дистерев Валерий Валериевич,24,7г,3,Дистерев_ВВ,bZttknGt
215,Дочкин Геннадий Алексиевич,52,11и,5,Дочкин_ГА,JsmrhwUV
216,Иняхин Руслан Сергеевич,234,7и,5,Иняхин_РС,PZy2OPip
217,Знайкова Раиса Егоровна,148,11х,3,Знайкова_РЕ,S38zT3Mj
218,Кашавцев Аркадий Леонидович,58,7а,4,Кашавцев_АЛ,s0j9PPyK
219,Пятернина Кристина Андреевна,445,7и,2,Пятернина_КА,8QzJEQoE
220,Гусеева Карина Викторовна,263,9и,2,Гусеева_КВ,ouwtkoW5
221,Кастева Яна Сергеевна,108,7и,2,Кастева_ЯС,zwm2jR23
222,Гришанин Тарас Павлович,113,10т,2,Гришанин_ТП,YtbjhpaU
223,Грамоткин Илья Викторович,195,8д,5,Грамоткин_ИВ,edQNT4kW
224,Мелисин Геннадий Василиевич,465,10г,2,Мелисин_ГВ,8EDSunPO
225,Цинина Светлана Яковлевна,105,11г,5,Цинина_СЯ,vCG9ckgX
226,Петов Георгий Адамович,57,9а,2,Петов_ГА,cY1mgHqm
227,Реева Валентина Максимовна,146,11и,5,Реева_ВМ,ZJDONiTw
228,Слесивых Мария Аркадьевна,35,7и,5,Слесивых_МА,mcMtIQwc
229,Афтаева Полина Ивановна,193,10д,5,Афтаева_ПИ,gRWjwbi8
230,Кривицкий Валентин Виталиевич,208,8х,5,Кривицкий_ВВ,b0kVD1bv
231,Чубатов Константин Леонидович,279,11а,4,Чубатов_КЛ,9IEgUSl9
232,Партенков Геннадий Павлович,418,8х,3,Партенков_ГП,zN8ITODI
233,Черушев Григорий Борисович,84,7г,4,Черушев_ГБ,7UEImQnK
234,Тютекин Георгий Тимофеевич,262,7а,2,Тютекин_ГТ,EGMgNOx8
235,Янкевский Вячеслав Адамович,167,11г,4,Янкевский_ВА,yjaEKGBt
236,Сухручкина Клавдия Аркадьевна,177,7в,4,Сухручкина_КА,2kPWiPuZ
237,Конофалова Клара Петровна,95,11д,5,Конофалова_КП,4CrIiIaF
238,Лигасов Михаил Павлович,491,11г,4,Лигасов_МП,U8XO75TJ
239,Писарьков Альберт Игоревич,313,8в,4,Писарьков_АИ,DR6RVuWN
240,Варов Кирилл Иванович,28,8а,5,Варов_КИ,3YNRiM8D
241,Пурынов Евгений Петрович,244,9и,3,Пурынов_ЕП,tgn0Bqvc
242,Супрутская Вероника Викторовна,187,9а,2,Супрутская_ВВ,HLm7UCfU
243,Скроцкая Алина Федоровна,127,8г,3,Скроцкая_АФ,KPe5bcfo
244,Барадулин Вадим Юрьевич,281,11х,3,Барадулин_ВЮ,sByJynAu
245,Точилин Дмитрий Фёдорович,476,8а,2,Точилин_ДФ,o7oC9ytb
246,Бикмуллин Руслан Валериевич,333,11т,2,Бикмуллин_РВ,KqeVjDuc
247,Серпичев Василий Алексиевич,394,10х,5,Серпичев_ВА,bBSLhR4n
248,Вострышев Яков Аркадиевич,343,8г,5,Вострышев_ЯА,fhz1DrZf
249,Грушчева София Евгеньевна,480,11в,None,Грушчева_СЕ,sqJZTeYs
250,Кулапов Александр Юрьевич,109,9б,5,Кулапов_АЮ,UUidFTB1
251,Чибисенков Владислав Фёдорович,375,8х,3,Чибисенков_ВФ,Uk1GCxQk
252,Утилов Роман Василиевич,254,9х,2,Утилов_РВ,9OUetoHz
253,Татаурова Галина Федоровна,145,10т,4,Татаурова_ГФ,E233QPMy
254,Визавитина Наталия Леонидовна,101,10г,2,Визавитина_НЛ,ocuDfnk6
255,Мягченков Артём Денисович,115,7б,4,Мягченков_АД,c1wjkTs8
256,Брикова Инна Богдановна,256,9б,4,Брикова_ИБ,7ynBTdoB
257,Наторкин Валентин Данилович,319,7и,2,Наторкин_ВД,2DC9fLVw
258,Эштрекова Софья Алексеевна,76,9в,3,Эштрекова_СА,7eaW7fol
259,Кутаманова Кира Андреевна,182,10т,2,Кутаманова_КА,CBJrwqat
260,Кыштымова Евгения Эдуардовна,255,8в,5,Кыштымова_ЕЭ,axS6yWiN
261,Ккнязева Клавдия Дмитриевна,34,7б,5,Ккнязева_КД,AARWKmYE
262,Глаголина Алиса Никитична,249,9д,2,Глаголина_АН,ed8affo6
263,Рисина Раиса Валерьевна,451,10а,4,Рисина_РВ,fn6Ww9Ge
264,Ребров Алексей Георгиевич,289,8и,3,Ребров_АГ,gNEMAjvN
265,Вырысалова Александра Евгеньевна,39,11и,2,Вырысалова_АЕ,s9VQEBXB
266,Гомольский Владимир Юриевич,314,11х,5,Гомольский_ВЮ,n1eT0GV6
267,Швинова Марина Федоровна,271,8г,5,Швинова_МФ,L7XcU8Wn
268,Рудковская Инна Дмитриевна,6,7т,3,Рудковская_ИД,C0O00Oij
269,Решеткина Дарья Василевна,408,10и,3,Решеткина_ДВ,x36ElSFp
270,Евстихеев Игорь Василиевич,422,10х,5,Евстихеев_ИВ,RSGck4bu
271,Лазарина Алёна Федоровна,161,8б,3,Лазарина_АФ,MiLxUKKC
272,Гляченков Григорий Николаевич,431,10а,5,Гляченков_ГН,ciLAAlM7
273,Чардынцева Алина Вадимовна,135,10д,3,Чардынцева_АВ,qOJPmsaK
274,Скаредов Яков Иванович,337,9т,5,Скаредов_ЯИ,eshmUmHn
275,Юрицкий Эдуард Денисович,192,7д,3,Юрицкий_ЭД,zRBjOO9V
276,Кравчина Светлана Аркадьевна,413,11г,5,Кравчина_СА,0wxALCJv
277,Чмареткова Полина Вадимовна,449,10а,2,Чмареткова_ПВ,aBg6Ms9I
278,Углова Галина Романовна,260,9г,3,Углова_ГР,GjLwkpT4
279,Згуровская Виктория Андреевна,220,9т,4,Згуровская_ВА,SPEUPAgK
280,Секерский Станислав Сергеевич,235,10а,4,Секерский_СС,01M9zK8j
281,Жевайкин Евгений Адамович,86,11г,3,Жевайкин_ЕА,ySbZTH8A
282,Коточигов Семён Игоревич,26,9д,5,Коточигов_СИ,DErxfLKi
283,Калонин Альберт Денисович,297,8б,2,Калонин_АД,fWZIFRVS
284,Валягин Григорий Антонович,94,10в,4,Валягин_ГА,a5G4xahn
285,Коцева Кристина Николаевна,412,9г,3,Коцева_КН,4o6li8K8
286,Голина Кристина Максимовна,3,7х,3,Голина_КМ,AesLfY4b
287,Батрамеев Анатолий Романович,354,9х,3,Батрамеев_АР,cnQXDTeI
288,Чикмарев Валентин Валериевич,306,9и,5,Чикмарев_ВВ,YdXCZzWY
289,Киницына Валерия Олеговна,202,7х,4,Киницына_ВО,C8cM2RSz
290,Числин Юрий Денисович,121,7в,2,Числин_ЮД,Ivy66nBV
291,Стебунова Юлия Романовна,358,9т,3,Стебунова_ЮР,kmwpDwpx
292,Кацов Павел Павлович,236,10г,5,Кацов_ПП,387rgCxQ
293,Гоцев Тарас Викторович,41,8в,3,Гоцев_ТВ,okoOOusP
294,Мотовицкий Роман Аркадиевич,31,11и,5,Мотовицкий_РА,DGKqj5Yk
295,Чурзина Клара Егоровна,308,10б,3,Чурзина_КЕ,9TypPPr1
296,Щепалкина Валерия Сергеевна,134,9б,4,Щепалкина_ВС,4Kf0yaHZ
297,Утимишев Ярослав Игоревич,239,11а,3,Утимишев_ЯИ,yZXqp7Z6
298,Алуханов Кирилл Фёдорович,298,7т,2,Алуханов_КФ,yS2xYVwY
299,Полунеев Валентин Валериевич,307,8и,2,Полунеев_ВВ,FVQEHH8e
300,Крупенова Наталия Андреевна,209,7в,5,Крупенова_НА,8aI45XQn
301,Корнюшин Илья Юрьевич,44,10т,3,Корнюшин_ИЮ,0Vlk5DNK
302,Паушева Виолетта Никитична,310,8г,4,Паушева_ВН,C8RmmaJY
303,Берзин Герасим Антонович,349,11т,5,Берзин_ГА,big9ROTW
304,Шулунова Алла Алексеевна,54,7д,4,Шулунова_АА,I1GmeuBF
305,Трепашова София Яковлевна,399,11а,2,Трепашова_СЯ,KhM31u5W
306,Чумейкин Константин Антонович,8,8б,5,Чумейкин_КА,UcLd6xUr
307,Польшиков Денис Игоревич,495,9и,2,Польшиков_ДИ,qYx2s9Lx
308,Медоусова Жанна Романовна,252,7б,2,Медоусова_ЖР,BIvZXKUe
309,Акуратова Клавдия Андреевна,92,9г,5,Акуратова_КА,0casWZWD
310,Курмеева Елизавета Валерьевна,486,8а,5,Курмеева_ЕВ,o7UZPQhV
311,Бадов Александр Аркадиевич,217,10г,3,Бадов_АА,ljg207vr
312,Бакушин Эдуард Адамович,265,7б,5,Бакушин_ЭА,HOxC2LkI
313,Чебина Инна Сергеевна,273,10т,2,Чебина_ИС,T8oNRybD
314,Подледнова Наталья Ивановна,112,11и,3,Подледнова_НИ,sPrTsyZj
315,Садгеева Лиза Евгеньевна,460,11г,3,Садгеева_ЛЕ,H9330IOO
316,Акушин Борис Павлович,493,9т,2,Акушин_БП,4Mz4PgMN
317,Аришев Руслан Кириллович,379,10т,3,Аришев_РК,RKHgS7O6
318,Гуслова Кристина Олеговна,389,9в,2,Гуслова_КО,nYSvetQB
319,Глоточкина Оксана Аркадьевна,370,9и,5,Глоточкина_ОА,XUZghpsT
320,Шапина Маргарита Романовна,163,8б,5,Шапина_МР,CsXinpZY
321,Дурылин Георгий Валериевич,261,11т,4,Дурылин_ГВ,FCHP3aoe
322,Болкисева Анна Викторовна,248,7х,4,Болкисева_АВ,UEdTexaa
323,Багапов Вячеслав Сергеевич,99,7д,4,Багапов_ВС,aDbvHGda
324,Люцарева Яна Аркадьевна,376,11б,2,Люцарева_ЯА,oXQ4gOZu
325,Боготынина София Егоровна,63,11б,5,Боготынина_СЕ,8FopcAkx
326,Саюшкин Игорь Алексиевич,211,11х,5,Саюшкин_ИА,HEVXSEPT
327,Потешных Тамара Николаевна,468,11в,3,Потешных_ТН,S3WK942Q
328,Незлина Жанна Василевна,426,8б,5,Незлина_ЖВ,T0TlaImx
329,Федичева Вероника Кирилловна,37,7х,4,Федичева_ВК,2wORoHgc
330,Пустынкин Вадим Антонович,388,10в,5,Пустынкин_ВА,ASY0Er4L
331,Аринакова Ирина Михайловна,150,8в,5,Аринакова_ИМ,fKs0iJ7o
332,Обиралкова Мария Егоровна,294,11т,5,Обиралкова_МЕ,FLYnSdGZ
333,Аристарова Валентина Максимовна,443,11г,2,Аристарова_ВМ,J42evjL6
334,Яуров Герасим Юрьевич,38,9а,5,Яуров_ГЮ,1Ef2nfhi
335,Духонькин Вячеслав Фёдорович,2,9в,4,Духонькин_ВФ,qRZLnzAx
336,Гвасков Евгений Михаилович,402,9в,5,Гвасков_ЕМ,EtyU9D51
337,Жабынина Галина Николаевна,185,7х,5,Жабынина_ГН,UVw35E4x
338,Шерюкова Виолетта Романовна,440,9б,4,Шерюкова_ВР,c40uh9T0
339,Колокатов Пётр Евгеньевич,484,10в,3,Колокатов_ПЕ,N8GMLEFZ
340,Шайдуков Андрей Михаилович,317,9и,4,Шайдуков_АМ,jQk8Zh3Z
341,Смирнягина Дарья Игоревна,425,10в,4,Смирнягина_ДИ,vKLWm1xg
342,Штырева Ева Олеговна,258,11и,2,Штырева_ЕО,qYS3Lyxo
343,Ашукин Вячеслав Михаилович,191,10т,4,Ашукин_ВМ,kHTfPxTD
344,Рубченкова Галина Алексеевна,190,9в,3,Рубченкова_ГА,g31Xnqhy
345,Зархин Иван Алексиевич,478,11и,5,Зархин_ИА,d4EXHnYt
346,Адиотов Дмитрий Павлович,156,7б,3,Адиотов_ДП,7jIw7WyW
347,Тищенкова Раиса Валерьевна,79,7д,3,Тищенкова_РВ,94isqwzc
348,Лозеев Илья Петрович,205,10д,2,Лозеев_ИП,WfK6XY3U
349,Кобяшов Герасим Михаилович,305,11т,2,Кобяшов_ГМ,Dflqx5F0
350,Ронова Клавдия Валерьевна,107,7и,4,Ронова_КВ,cxQ0E54C
351,Стрижнов Алексей Евгеньевич,385,11г,3,Стрижнов_АЕ,cf6DZj8B
352,Волынский Алексей Виталиевич,362,11т,5,Волынский_АВ,SJmH57bd
353,Машонский Василий Данилович,23,9д,5,Машонский_ВД,DbLeDhXh
354,Буриева Зинаида Аркадьевна,104,11д,4,Буриева_ЗА,JJd2SfNE
355,Борщина Алёна Ивановна,377,11а,5,Борщина_АИ,YYIZu4DS
356,Белчков Олег Иванович,275,10а,4,Белчков_ОИ,c9xbs5p4
357,Остропиков Альберт Данилович,157,8г,2,Остропиков_АД,sIuaTRdW
358,Оргонова Любовь Максимовна,264,7б,4,Оргонова_ЛМ,wH8dXNYs
359,Мальков Юрий Евгеньевич,228,7г,3,Мальков_ЮЕ,y5FcU5JD
360,Свльхова Наталья Вадимовна,160,9т,5,Свльхова_НВ,jACM06Az
361,Мякушков Герасим Леонидович,102,10т,3,Мякушков_ГЛ,7CFebn5R
362,Межуев Георгий Юриевич,355,8г,4,Межуев_ГЮ,lnSBt6Ze
363,Чериншев Александр Сергеевич,439,8а,2,Чериншев_АС,O8gArX46
364,Муниров Алексей Андреевич,117,11г,3,Муниров_АА,hDjk1CoG
365,Климухин Руслан Романович,269,10в,3,Климухин_РР,21x4LIYc
366,Дембская Екатерина Никитична,64,11б,4,Дембская_ЕН,LTBaee72
367,Тюнеев Яков Фёдорович,417,10т,2,Тюнеев_ЯФ,isIF2UOT
368,Трушитин Антон Данилович,168,9х,3,Трушитин_АД,PzEy7yDI
369,Балакишиев Роман Алексиевич,143,11х,5,Балакишиев_РА,kyMutLah
370,Немтюрева Валерия Аркадьевна,12,10г,4,Немтюрева_ВА,R9ufb9fl
371,Складанова Клавдия Аркадьевна,257,9а,3,Складанова_КА,5PghTfL0
372,Заходина Полина Леонидовна,93,10д,4,Заходина_ПЛ,7ab9PVWw
373,Муринов Анатолий Борисович,171,11б,5,Муринов_АБ,wMNVJ5D1
374,Гришалова Любовь Евгеньевна,301,8т,3,Гришалова_ЛЕ,92jBiqWg
375,Ситчихин Станислав Георгиевич,247,8т,5,Ситчихин_СГ,e1Ph7QMO
376,Просяных Георгий Василиевич,366,9в,2,Просяных_ГВ,DQU7t0eo
377,Дзабиев Григорий Георгиевич,259,11д,5,Дзабиев_ГГ,41bjYl15
378,Рыбаулин Григорий Алексеевич,140,11а,5,Рыбаулин_ГА,HhHziuQH
379,Тупиева Екатерина Ивановна,400,7д,2,Тупиева_ЕИ,x74PbxqX
380,Куверчева Алена Ивановна,170,10д,3,Куверчева_АИ,iMOhb3nT
381,Цаблинова Виктория Богдановна,342,9г,4,Цаблинова_ВБ,XMdijdHX
382,Синенков Григорий Леонидович,230,9в,5,Синенков_ГЛ,D1ZcTX7B
383,Лизункин Артур Олегович,4,11в,5,Лизункин_АО,HAF129R3
384,Славущева Александра Эдуардовна,81,8а,5,Славущева_АЭ,Jx2WTqL6
385,Шахвердов Дмитрий Антонович,132,11б,2,Шахвердов_ДА,qUS3eEoX
386,Рапацкая Ольга Ивановна,223,10г,3,Рапацкая_ОИ,AAthrpjd
387,Сторокожев Виталий Аркадиевич,159,9б,2,Сторокожев_ВА,yVr5DOxH
388,Половодов Кирилл Николаевич,18,8т,5,Половодов_КН,Hpw0xgqF
389,Халтанова Алена Дмитриевна,49,8б,3,Халтанова_АД,V3zJ8Fb6
390,Заложнев Роман Фёдорович,448,8в,4,Заложнев_РФ,VRA6hoSt
391,Рыжих Кристина Аркадьевна,213,7а,4,Рыжих_КА,IH1O4ofQ
392,Буров Руслан Игоревич,405,11и,5,Буров_РИ,7xDu76Cg
393,Гачков Виталий Евгеньевич,277,9т,4,Гачков_ВЕ,sTGGODqw
394,Кадилов Геннадий Борисович,225,10в,3,Кадилов_ГБ,8n37DRJk
395,Гликина Алёна Эдуардовна,454,9б,3,Гликина_АЭ,NEibeV4c
396,Ичкинина Любовь Андреевна,299,8г,5,Ичкинина_ЛА,ItwXYN3m
397,Мозшорина Кира Дмитриевна,65,8б,3,Мозшорина_КД,TfAsZxBu
398,Брижеватов Константин Борисович,152,11т,2,Брижеватов_КБ,1s5KGKwM
399,Бучеров Тарас Викторович,429,10д,4,Бучеров_ТВ,pm7tZKzm
400,Мисютина Валерия Эдуардовна,368,9г,2,Мисютина_ВЭ,4LvWLtdw
401,Льянов Федор Вадимович,328,8а,4,Льянов_ФВ,BijZe3cD
402,Щуркин Георгий Яковлевич,180,8в,4,Щуркин_ГЯ,YzJIYLG8
403,Акулин Федор Адамович,241,10г,4,Акулин_ФА,fY4s2x17
404,Волженкова Екатерина Ивановна,233,9д,4,Волженкова_ЕИ,mvOYyyoo
405,Махометова София Викторовна,424,8и,3,Махометова_СВ,RfTRIbLV
406,Зызлов Геннадий Антонович,274,7в,3,Зызлов_ГА,qYqkxaOE
407,Девляшова Кира Олеговна,51,11д,5,Девляшова_КО,fzmDcMvq
408,Яковкина Алена Никитична,320,9т,5,Яковкина_АН,3calAdtf
409,Бузулев Вадим Николаевич,331,10д,3,Бузулев_ВН,hlBrtiVC
410,Ганельский Юрий Юриевич,474,9д,3,Ганельский_ЮЮ,BF8exfu5
411,Шкапрова Ева Ивановна,371,7б,5,Шкапрова_ЕИ,TPyVq4HC
412,Чичирин Владимир Георгиевич,11,10а,4,Чичирин_ВГ,48W3jALO
413,Шилова Надежда Викторовна,124,9б,2,Шилова_НВ,eyisLMUt
414,Коваев Руслан Михаилович,487,9т,3,Коваев_РМ,9GKKMXQn
415,Саверина Надежда Андреевна,407,11б,4,Саверина_НА,Wpu0v9t0
416,Тишанкин Олег Адамович,334,9д,3,Тишанкин_ОА,yqSNhiUe
417,Широпаев Валерий Сергеевич,406,9б,2,Широпаев_ВС,HS10uiQt
418,Щепанин Олег Адамович,226,7а,3,Щепанин_ОА,SW6LlgyI
419,Оплетин Владислав Аркадиевич,361,10х,4,Оплетин_ВА,Cv07R7AR
420,Оденова Карина Андреевна,409,8и,4,Оденова_КА,BU5F2SBR
421,Семагин Альберт Андреевич,456,10х,4,Семагин_АА,vCb4mCxN
422,Черданцева Анастасия Олеговна,128,8х,3,Черданцева_АО,IR8WENnv
423,Лонцова Елизавета Эдуардовна,224,7х,3,Лонцова_ЕЭ,VYfvsHak
424,Сарсекеева Алёна Никитична,462,11и,4,Сарсекеева_АН,8F1DbL5D
425,Аковецкий Антон Евгеньевич,500,8б,4,Аковецкий_АЕ,dYSFI5nE
426,Аратский Станислав Борисович,351,9и,2,Аратский_СБ,07QhOS3O
427,Чужриков Пётр Денисович,200,9в,3,Чужриков_ПД,06fwxqlw
428,Никитшин Алексей Кириллович,111,11и,3,Никитшин_АК,MU6Fr3xL
429,Симендяев Василий Алексиевич,45,8д,4,Симендяев_ВА,obsYOCSU
430,Ошитков Максим Сергеевич,151,10г,4,Ошитков_МС,6SCl6xO3
431,Юрасов Евгений Романович,338,9и,3,Юрасов_ЕР,q11qI2a7
432,Головяшин Павел Юриевич,179,7г,5,Головяшин_ПЮ,pR1EFEM2
433,Манжурина Екатерина Сергеевна,219,7т,3,Манжурина_ЕС,5Rnx8dIQ
434,Никурашин Олег Евгеньевич,291,11х,2,Никурашин_ОЕ,Fggv3kCO
435,Бехтерев Федор Вадимович,137,9х,3,Бехтерев_ФВ,OcyDEJ8o
436,Годлевская Катерина Дмитриевна,403,11г,3,Годлевская_КД,KcNNQYDG
437,Акиярова Алина Эдуардовна,9,11а,4,Акиярова_АЭ,TzFZ2dRH
438,Милина Алена Петровна,359,8г,3,Милина_АП,dkkCFW0o
439,Воловин Борис Викторович,350,7т,2,Воловин_БВ,gNOy154r
440,Туморина Ксения Федоровна,133,8б,5,Туморина_КФ,Xa9mmO8L
441,Желейков Вячеслав Яковлевич,199,8г,3,Желейков_ВЯ,ROBrW8C5
442,Шишорнина Екатерина Алексеевна,183,8т,3,Шишорнина_ЕА,ICHZ0Sbp
443,Юумогулова Виолетта Игоревна,311,10х,3,Юумогулова_ВИ,pjfvia63
444,Рецков Денис Денисович,85,10д,2,Рецков_ДД,pfcQtl8r
445,Химунина Елизавета Ивановна,392,7д,2,Химунина_ЕИ,hLOkHNfN
446,Кобрянов Александр Алексиевич,455,7т,2,Кобрянов_АА,9UBJZ5cN
447,Бирылов Тарас Данилович,243,11а,3,Бирылов_ТД,NgbYbjAG
448,Туфатулин Ярослав Леонидович,485,8х,4,Туфатулин_ЯЛ,TqwS3Z8I
449,Долбишев Николай Аркадиевич,292,10б,5,Долбишев_НА,3l2npHcP
450,Махтумова Алёна Эдуардовна,186,10б,4,Махтумова_АЭ,4Y043f9p
451,Нарзаркин Алексей Романович,423,10т,2,Нарзаркин_АР,WlgcRfAG
452,Куранина Алена Леонидовна,196,9б,4,Куранина_АЛ,ZKZrPMcG
453,Ситюков Аркадий Евгеньевич,32,10в,3,Ситюков_АЕ,gE2FQ4K7
454,Мизюрова Алиса Никитична,176,7г,4,Мизюрова_АН,T470O9MH
455,Пандурова Алиса Дмитриевна,130,9б,2,Пандурова_АД,ZDbZb62R
456,Жилейкин Борис Тимофеевич,91,7в,2,Жилейкин_БТ,Qhip9sfu
457,Корпункова Виолетта Сергеевна,83,11а,3,Корпункова_ВС,A23oIKyJ
458,Пашохонова Анастасия Федоровна,467,9в,4,Пашохонова_АФ,WL4W370x
459,Сузальцева Тамара Михайловна,357,8х,4,Сузальцева_ТМ,Y54eXBT4
460,Чиличкина Светлана Яковлевна,5,8в,5,Чиличкина_СЯ,nC1GK54F
461,Шантыкова Карина Максимовна,198,10д,3,Шантыкова_КМ,3UXzPFpM
462,Недосекин Владислав Яковлевич,457,10а,4,Недосекин_ВЯ,pybBnwQu
463,Максимкин Федор Фёдорович,172,10г,2,Максимкин_ФФ,M7760vvB
464,Матбиюшина Виктория Игоревна,237,8д,2,Матбиюшина_ВИ,iiJENnzI
465,Шишкунов Герасим Юрьевич,110,8т,4,Шишкунов_ГЮ,ChHhwIBG
466,Сухинин Георгий Алексиевич,475,10х,4,Сухинин_ГА,otrkIe8t
467,Бисеева Полина Романовна,48,7д,5,Бисеева_ПР,NUqqKnBB
468,Жукулов Михаил Денисович,60,11г,3,Жукулов_МД,TxJ4UsdU
469,Тоняев Герасим Петрович,378,9т,5,Тоняев_ГП,w8qinqxH
470,Шушенкова Алёна Олеговна,36,7и,2,Шушенкова_АО,UIA5aFAf
471,Разроев Дмитрий Павлович,59,9а,2,Разроев_ДП,DhpqqsaH
472,Баззаев Анатолий Данилович,339,9д,2,Баззаев_АД,XtIqvBRu
473,Цекова Алла Олеговна,50,8д,2,Цекова_АО,299WgyHL
474,Аборонова Алиса Алексеевна,444,7г,5,Аборонова_АА,MgfzNg6R
475,Ягловская Ева Олеговна,181,8в,4,Ягловская_ЕО,i91oiPi3
476,Шароварова Яна Романовна,175,8а,4,Шароварова_ЯР,9ojseiC6
477,Общев Яков Викторович,466,8а,4,Общев_ЯВ,zBbsBuNL
478,Ойзерская Катерина Эдуардовна,120,7х,2,Ойзерская_КЭ,09UIIIeh
479,Прусский Ярослав Иванович,479,11б,2,Прусский_ЯИ,M2rA4DHI
480,Лабинов Павел Алексеевич,272,7б,5,Лабинов_ПА,BJiQwfqL
481,Покровов Эдуард Павлович,312,8б,2,Покровов_ЭП,dBuCwPSM
482,Мачехин Эдуард Данилович,19,7д,3,Мачехин_ЭД,CqJp0hdB
483,Кодорская Раиса Ивановна,27,11б,3,Кодорская_РИ,XMDS7AkJ
484,Кондраева Марина Ивановна,469,9д,3,Кондраева_МИ,oL6tfqw6
485,Бульенков Валентин Иванович,136,10т,4,Бульенков_ВИ,An6ewvNL
486,Тагакова Вероника Яковлевна,393,8т,4,Тагакова_ВЯ,yfc7Hj9y
487,Гершанова Любовь Евгеньевна,383,11т,5,Гершанова_ЛЕ,5S7Uqewx
488,Салина Алена Егоровна,73,11в,5,Салина_АЕ,XsJRp1kU
489,Фрумова Зинаида Аркадьевна,78,8а,4,Фрумова_ЗА,4sIYUk5o
490,Хорняков Борис Борисович,13,8г,2,Хорняков_ББ,SY0T2evf
491,Гдагазина Лиза Василевна,212,9т,5,Гдагазина_ЛВ,Q5fApdji
492,Агаршев Ярослав Михаилович,276,9т,2,Агаршев_ЯМ,NPxp0dNV
493,Корюшин Пётр Антонович,326,8х,2,Корюшин_ПА,kTVRVF5t
494,Калаев Пётр Алексиевич,68,8а,3,Калаев_ПА,0SkxXDYf
495,Ккаталкина Виолетта Егоровна,53,7б,2,Ккаталкина_ВЕ,R0LNggKT
496,Рачнов Герасим Алексеевич,103,10а,5,Рачнов_ГА,HpbZnwRW
497,Миндубаева Людмила Леонидовна,477,11и,2,Миндубаева_ЛЛ,KM1wXagV
498,Агафьева Вера Ивановна,352,11х,3,Агафьева_ВИ,fzJnyuRi
499,Житин Эдуард Адамович,481,9а,5,Житин_ЭА,0fu7j1cZ
